{
	"format_version": "1.8.0",
	"animations": {
		"jab": {
			"loop": true,
			"animation_length": 1.2,
			"bones": {
				"body": {
					"rotation": {
						"0.0": {
							"vector": [0, -15, 0]
						},
						"0.15": {
							"vector": [0, -30, 0]
						},
						"0.2": {
							"vector": [0, -30, 0]
						},
						"0.6": {
							"vector": [0, 15, 0]
						},
						"0.75": {
							"vector": [0, 30, 0]
						},
						"0.8": {
							"vector": [0, 30, 0]
						},
						"1.2": {
							"vector": [0, -15, 0]
						}
					}
				},
				"rightArm": {
					"rotation": {
						"0.0": {
							"vector": [-22.5, 0, 22.5]
						},
						"0.1": {
							"vector": [5.94102, 8.42105, 69.05898]
						},
						"0.15": {
							"vector": [-89.4244, 11.0311, 70.2661]
						},
						"0.2": {
							"vector": [-89.4244, 11.0311, 70.2661]
						},
						"0.4": {
							"vector": [5.94102, 8.42105, 69.05898]
						},
						"0.6": {
							"vector": [-7.5, 0, 15]
						},
						"0.75": {
							"vector": [37.5, 0, 15]
						},
						"0.8": {
							"vector": [37.5, 0, 15]
						},
						"1.2": {
							"vector": [0, 0, 22.5]
						}
					}
				},
				"leftArm": {
					"rotation": {
						"0.0": {
							"vector": [-7.5, 0, -15]
						},
						"0.15": {
							"vector": [37.5, 0, -15]
						},
						"0.2": {
							"vector": [37.5, 0, -15]
						},
						"0.6": {
							"vector": [-22.5, 0, -22.5]
						},
						"0.7": {
							"vector": [5.94102, -8.4211, -69.059]
						},
						"0.75": {
							"vector": [-89.4244, -11.0311, -70.2661]
						},
						"0.8": {
							"vector": [-89.4244, -11.0311, -70.2661]
						},
						"1.0": {
							"vector": [5.94102, -8.4211, -69.059]
						},
						"1.2": {
							"vector": [22.5, 0, -15]
						}
					}
				},
				"leftForeArm": {
					"rotation": {
						"0.0": {
							"vector": [-100, 15, 7.5]
						},
						"0.15": {
							"vector": [-115, 15, 7.5]
						},
						"0.2": {
							"vector": [-115, 15, 7.5]
						},
						"0.6": {
							"vector": [-105, 0, 15]
						},
						"0.7": {
							"vector": [-75, 0, 0]
						},
						"0.75": {
							"vector": [0, 0, 0]
						},
						"0.8": {
							"vector": [0, 0, 0]
						},
						"1.0": {
							"vector": [-75, 0, 0]
						},
						"1.2": {
							"vector": [-100, 15, 7.5]
						}
					}
				},
				"rightForeArm": {
					"rotation": {
						"0.0": {
							"vector": [-105, 0, -15]
						},
						"0.1": {
							"vector": [-75, 0, 0]
						},
						"0.15": {
							"vector": [0, 0, 0]
						},
						"0.2": {
							"vector": [0, 0, 0]
						},
						"0.4": {
							"vector": [-75, 0, 0]
						},
						"0.6": {
							"vector": [-100, -15, -7.5]
						},
						"0.75": {
							"vector": [-115, -15, -7.5]
						},
						"0.8": {
							"vector": [-115, -15, -7.5]
						},
						"1.2": {
							"vector": [-105, 0, -15]
						}
					}
				},
				"group5": {
					"rotation": {
						"vector": [102.5, 0, 0]
					}
				},
				"group6": {
					"rotation": {
						"vector": [102.5, 0, 0]
					}
				},
				"group7": {
					"rotation": {
						"vector": [0, -65, 0]
					}
				},
				"group8": {
					"rotation": {
						"vector": [102.5, 0, 0]
					}
				},
				"group9": {
					"rotation": {
						"vector": [102.5, 0, 0]
					}
				},
				"group10": {
					"rotation": {
						"vector": [102.5, 0, 0]
					}
				},
				"group11": {
					"rotation": {
						"vector": [102.5, 0, 0]
					}
				},
				"group12": {
					"rotation": {
						"vector": [0, 65, 0]
					}
				},
				"group13": {
					"rotation": {
						"vector": [102.5, 0, 0]
					}
				},
				"group14": {
					"rotation": {
						"vector": [102.5, 0, 0]
					}
				},
				"group15": {
					"rotation": {
						"vector": [102.5, 0, 0]
					}
				},
				"group16": {
					"rotation": {
						"vector": [102.5, 0, 0]
					}
				},
				"group17": {
					"rotation": {
						"vector": [102.5, 0, 0]
					}
				},
				"group18": {
					"rotation": {
						"vector": [102.5, 0, 0]
					}
				}
			}
		},
		"strongPunch": {
			"loop": "hold_on_last_frame",
			"animation_length": 1.1,
			"bones": {
				"rightArm": {
					"rotation": {
						"0.0": {
							"vector": [22.5, 0, 60]
						},
						"1.0": {
							"vector": [22.5, 0, 60]
						},
						"1.1": {
							"vector": [-67.5, 0, 90]
						}
					}
				},
				"leftArm": {
					"rotation": {
						"0.0": {
							"vector": [-90, 0, -90]
						},
						"1.0": {
							"vector": [-67.5, 0, -90]
						},
						"1.1": {
							"vector": [22.5, 0, -60]
						}
					}
				},
				"leftForeArm": {
					"rotation": {
						"0.0": {
							"vector": [0, 0, 0]
						},
						"1.0": {
							"vector": [0, 0, 0]
						},
						"1.1": {
							"vector": [-135, 0, 0]
						}
					}
				},
				"rightForeArm": {
					"rotation": {
						"0.0": {
							"vector": [-135, 0, 0]
						},
						"1.0": {
							"vector": [-135, 0, 0]
						},
						"1.1": {
							"vector": [0, 0, 0]
						}
					}
				},
				"group6": {
					"rotation": {
						"vector": [102.5, 0, 0]
					}
				},
				"group7": {
					"rotation": {
						"vector": [0, -65, 0]
					}
				},
				"group8": {
					"rotation": {
						"vector": [102.5, 0, 0]
					}
				},
				"group9": {
					"rotation": {
						"vector": [102.5, 0, 0]
					}
				},
				"group10": {
					"rotation": {
						"vector": [102.5, 0, 0]
					}
				},
				"group11": {
					"rotation": {
						"vector": [102.5, 0, 0]
					}
				},
				"group12": {
					"rotation": {
						"vector": [0, 65, 0]
					}
				},
				"group13": {
					"rotation": {
						"vector": [102.5, 0, 0]
					}
				},
				"group14": {
					"rotation": {
						"vector": [102.5, 0, 0]
					}
				},
				"group15": {
					"rotation": {
						"vector": [102.5, 0, 0]
					}
				},
				"group16": {
					"rotation": {
						"vector": [102.5, 0, 0]
					}
				},
				"group17": {
					"rotation": {
						"vector": [102.5, 0, 0]
					}
				},
				"group18": {
					"rotation": {
						"vector": [102.5, 0, 0]
					}
				},
				"upperPart": {
					"rotation": {
						"0.0": {
							"vector": [0, 30, 0]
						},
						"1.0": {
							"vector": [0, 52.5, 0]
						},
						"1.1": {
							"vector": [0, -52.5, 0]
						}
					}
				}
			}
		},
		"block": {
			"loop": true,
			"bones": {
				"body": {
					"rotation": {
						"vector": [15, 0, 0]
					}
				},
				"rightArm": {
					"rotation": {
						"vector": [-90, 0, -27.5]
					}
				},
				"leftArm": {
					"rotation": {
						"vector": [-90, 0, 45]
					}
				},
				"leftForeArm": {
					"rotation": {
						"vector": [17.5, 0, 92.5]
					}
				},
				"rightForeArm": {
					"rotation": {
						"vector": [0, 0, -60]
					}
				},
				"group6": {
					"rotation": {
						"vector": [102.5, 0, 0]
					}
				},
				"group7": {
					"rotation": {
						"vector": [0, -65, 0]
					}
				},
				"group8": {
					"rotation": {
						"vector": [102.5, 0, 0]
					}
				},
				"group9": {
					"rotation": {
						"vector": [102.5, 0, 0]
					}
				},
				"group10": {
					"rotation": {
						"vector": [102.5, 0, 0]
					}
				},
				"group12": {
					"rotation": {
						"vector": [35, 67.5, 0]
					}
				},
				"group13": {
					"rotation": {
						"vector": [102.5, 0, 0]
					}
				},
				"group14": {
					"rotation": {
						"vector": [102.5, 0, 0]
					}
				},
				"group15": {
					"rotation": {
						"vector": [102.5, 0, 0]
					}
				},
				"group16": {
					"rotation": {
						"vector": [102.5, 0, 0]
					}
				},
				"group17": {
					"rotation": {
						"vector": [102.5, 0, 0]
					}
				},
				"group18": {
					"rotation": {
						"vector": [102.5, 0, 0]
					}
				},
				"upperPart": {
					"rotation": {
						"vector": [0, 0, 0]
					}
				}
			}
		},
		"barrage": {
			"loop": true,
			"animation_length": 0.2,
			"bones": {
				"rightArm": {
					"rotation": {
						"0.0": {
							"vector": [22.5, 0, 60]
						},
						"0.1": {
							"vector": [-90, 0, 90]
						},
						"0.2": {
							"vector": [22.5, 0, 60]
						}
					}
				},